{"cameraMode":{"drawMode":0,"name":"Shaded","section":"Shading Mode"},"sceneLighting":true,"audioPlay":false,"sceneViewState":{"m_AlwaysRefresh":false,"showFog":true,"showSkybox":true,"showFlares":true,"showImageEffects":true,"showParticleSystems":true,"showVisualEffectGraphs":true,"m_FxEnabled":true},"in2DMode":false,"pivot":{"x":-0.32793229818344118,"y":0.3914591073989868,"z":3.0381217002868654},"rotation":{"x":0.17691992223262788,"y":-0.5227319002151489,"z":0.11190317571163178,"w":0.8264029026031494},"size":6.13822603225708,"orthographic":true}